"Refs","Value","Footprint","Akizuki","Note","Qty"
"BZ1","piezo (option)","Linetracer2:Buzzer_P5.0_P7.6","104118 (PKM13EPYH4000-A0)","passive piezo, optional. 13mm PKM13EPYH4000-A0 (pitch 5.0) or 12mm (pitch 7.6)","1"
"C1,C2","470uF 16V","Capacitor_THT:CP_Radial_D8.0mm_P3.50mm","108426 (Rubycon 16WXA470MEFC 8x9)","hold-up for Pico when motors pull the battery down,motor bulk capacitor, place near U3 VM","2"
"C3,C4","0.1uF","Capacitor_THT:C_Disc_D3.0mm_W2.0mm_P2.50mm","113582 (10pcs)","","2"
"C5,C6","0.1uF (at motor)","Capacitor_THT:C_Disc_D3.0mm_W2.0mm_P2.50mm","113582 (10pcs)","","2"
"D1","1N5819","Diode_THT:D_DO-41_SOD81_P10.16mm_Horizontal","117244","blocks USB 5V back-feed into batteries","1"
"D2","LED red","LED_THT:LED_D3.0mm","111577","","1"
"D3","LED yellow","LED_THT:LED_D3.0mm","111639","","1"
"D4","LED yellow-green (POWER)","LED_THT:LED_D3.0mm","111637","","1"
"J1","BATTERY (AA x3, XH 2P)","Linetracer2:BatteryXH_2P","112247 (B2B-XH-A) / battery box 112243","red wire = + (pin 1)","1"
"J2","I2C (0.96in OLED order)","Connector_PinHeader_2.54mm:PinHeader_1x04_P2.54mm_Vertical","","","1"
"J3","EXT (2x3)","Connector_PinHeader_2.54mm:PinHeader_2x03_P2.54mm_Vertical","","","1"
"M1","LEFT motor  FA-130RA","Linetracer2:MotorPads_2P_Relief","106437","","1"
"M2","RIGHT motor FA-130RA","Linetracer2:MotorPads_2P_Relief","106437","","1"
"PS1-PS6","LBR-123F","Linetracer2:LBR-123F","116455","","6"
"Q1","2SC1815-GR","Package_TO_SOT_THT:TO-92_Inline_Wide","117089","","1"
"R1-R6,R18","100","Resistor_THT:R_Axial_DIN0207_L6.3mm_D2.5mm_P10.16mm_Horizontal","125101 (100pcs)","","7"
"R7-R14","10k","Resistor_THT:R_Axial_DIN0207_L6.3mm_D2.5mm_P10.16mm_Horizontal","125103 (100pcs)","","8"
"R15-R17,R19","1k","Resistor_THT:R_Axial_DIN0207_L6.3mm_D2.5mm_P10.16mm_Horizontal","125102 (100pcs)","","4"
"SW1","START","Button_Switch_THT:SW_PUSH_6mm","108075","","1"
"SW2","SELECT","Button_Switch_THT:SW_PUSH_6mm","108075","","1"
"U1","Raspberry Pi Pico","Module:RaspberryPi_Pico_Common_THT","116132 (Pico, Pico 2 / Pico W also OK)","","1"
"U2","TC4051BP (CD4051B)","Package_DIP:DIP-16_W7.62mm","110914","","1"
"U3","AE-TC78H653FTG","Linetracer2:AE-TC78H653FTG","114746","","1"
